Patient ID,Age,Gender,Diagnosis,Symptom Severity (1-10),Mood Score (1-10),Sleep Quality (1-10),Physical Activity (hrs/week),Medication,Therapy Type,Treatment Start Date,Treatment Duration (weeks),Stress Level (1-10),Outcome,Treatment Progress (1-10),Label
1,43,Female,Major Depressive Disorder,10,5,8,5,Mood Stabilizers,Interpersonal Therapy,1/25/2024,11,9,Deteriorated,7,Anxious
2,40,Female,Major Depressive Disorder,9,5,4,7,Antipsychotics,Interpersonal Therapy,2/27/2024,11,7,No Change,7,Neutral
3,55,Female,Major Depressive Disorder,6,3,4,3,SSRIs,Mindfulness-Based Therapy,3/20/2024,14,7,Deteriorated,5,Happy
4,34,Female,Major Depressive Disorder,6,3,6,5,SSRIs,Mindfulness-Based Therapy,3/29/2024,8,8,Deteriorated,10,Excited
5,52,Male,Panic Disorder,7,6,6,8,Anxiolytics,Interpersonal Therapy,3/18/2024,12,5,Deteriorated,6,Excited
6,28,Male,Panic Disorder,8,7,6,4,SSRIs,Cognitive Behavioral Therapy,1/11/2024,13,9,No Change,7,Stressed
7,59,Male,Generalized Anxiety,6,6,5,3,Mood Stabilizers,Dialectical Behavioral Therapy,2/21/2024,13,8,Deteriorated,5,Anxious
8,32,Female,Major Depressive Disorder,5,3,5,2,Antidepressants,Cognitive Behavioral Therapy,2/3/2024,12,5,No Change,6,Stressed
9,21,Female,Major Depressive Disorder,6,7,7,10,Antidepressants,Mindfulness-Based Therapy,1/16/2024,15,5,No Change,6,Neutral
10,21,Female,Panic Disorder,9,5,9,7,Antidepressants,Cognitive Behavioral Therapy,1/3/2024,11,8,No Change,8,Depressed
11,42,Female,Panic Disorder,6,6,7,2,Antidepressants,Mindfulness-Based Therapy,2/1/2024,11,5,Deteriorated,8,Stressed
12,54,Female,Panic Disorder,8,8,5,5,Antidepressants,Mindfulness-Based Therapy,2/19/2024,10,8,Deteriorated,10,Happy
13,46,Female,Generalized Anxiety,7,4,9,4,Anxiolytics,Interpersonal Therapy,1/16/2024,8,9,No Change,7,Neutral
14,19,Male,Bipolar Disorder,6,7,9,10,Antipsychotics,Dialectical Behavioral Therapy,1/24/2024,9,10,Deteriorated,10,Excited
15,23,Female,Panic Disorder,9,8,6,1,Antipsychotics,Dialectical Behavioral Therapy,4/1/2024,10,7,Deteriorated,6,Stressed
16,38,Female,Generalized Anxiety,10,3,8,2,Mood Stabilizers,Interpersonal Therapy,3/23/2024,15,5,Improved,7,Depressed
17,30,Male,Bipolar Disorder,10,8,5,5,Mood Stabilizers,Mindfulness-Based Therapy,1/19/2024,9,9,No Change,6,Depressed
18,28,Female,Bipolar Disorder,8,4,7,6,SSRIs,Mindfulness-Based Therapy,2/9/2024,9,8,No Change,6,Depressed
19,52,Female,Generalized Anxiety,7,3,4,9,Anxiolytics,Mindfulness-Based Therapy,3/23/2024,12,6,No Change,5,Happy
20,37,Male,Bipolar Disorder,5,5,4,5,Mood Stabilizers,Dialectical Behavioral Therapy,3/31/2024,15,9,Deteriorated,6,Anxious
21,19,Male,Major Depressive Disorder,8,4,5,7,Benzodiazepines,Cognitive Behavioral Therapy,1/1/2024,14,5,Improved,5,Depressed
22,41,Female,Bipolar Disorder,5,7,9,7,Antidepressants,Interpersonal Therapy,1/30/2024,9,9,Improved,5,Anxious
23,50,Male,Generalized Anxiety,7,4,5,1,Anxiolytics,Interpersonal Therapy,1/2/2024,16,10,Deteriorated,10,Stressed
24,53,Female,Panic Disorder,9,5,9,10,Anxiolytics,Mindfulness-Based Therapy,1/25/2024,16,8,Deteriorated,9,Neutral
25,60,Male,Major Depressive Disorder,9,6,5,8,Anxiolytics,Interpersonal Therapy,1/24/2024,13,9,No Change,7,Anxious
26,19,Female,Bipolar Disorder,9,7,9,6,Antipsychotics,Dialectical Behavioral Therapy,2/7/2024,15,8,Deteriorated,6,Excited
27,23,Male,Bipolar Disorder,7,5,7,6,Benzodiazepines,Interpersonal Therapy,3/25/2024,15,5,No Change,10,Happy
28,56,Male,Generalized Anxiety,10,5,8,1,Benzodiazepines,Mindfulness-Based Therapy,4/9/2024,10,7,Deteriorated,8,Happy
29,58,Male,Major Depressive Disorder,8,6,7,6,Antidepressants,Cognitive Behavioral Therapy,2/8/2024,8,6,Improved,6,Neutral
30,41,Female,Major Depressive Disorder,7,6,6,9,SSRIs,Cognitive Behavioral Therapy,1/12/2024,14,8,Improved,9,Depressed
31,44,Male,Major Depressive Disorder,6,3,5,3,Antipsychotics,Mindfulness-Based Therapy,2/17/2024,15,7,Improved,6,Happy
32,47,Male,Bipolar Disorder,7,6,7,5,Benzodiazepines,Mindfulness-Based Therapy,3/14/2024,9,9,Deteriorated,8,Depressed
33,39,Female,Generalized Anxiety,10,6,4,3,SSRIs,Interpersonal Therapy,1/22/2024,14,6,Improved,6,Stressed
34,27,Female,Major Depressive Disorder,7,7,4,9,Mood Stabilizers,Cognitive Behavioral Therapy,2/10/2024,15,8,Improved,6,Depressed
35,53,Male,Generalized Anxiety,6,5,6,10,SSRIs,Interpersonal Therapy,2/4/2024,10,6,Deteriorated,9,Excited
36,53,Male,Bipolar Disorder,10,6,5,7,Mood Stabilizers,Cognitive Behavioral Therapy,1/8/2024,11,9,Deteriorated,7,Depressed
37,45,Female,Bipolar Disorder,5,5,6,6,Benzodiazepines,Mindfulness-Based Therapy,1/18/2024,14,9,Deteriorated,6,Neutral
38,33,Male,Generalized Anxiety,5,6,6,2,Antidepressants,Dialectical Behavioral Therapy,2/28/2024,10,8,Deteriorated,5,Neutral
39,31,Male,Major Depressive Disorder,6,8,4,10,Antidepressants,Dialectical Behavioral Therapy,1/2/2024,12,6,Deteriorated,9,Neutral
40,41,Female,Bipolar Disorder,8,7,7,2,Anxiolytics,Interpersonal Therapy,1/8/2024,14,7,Deteriorated,8,Stressed
41,46,Female,Generalized Anxiety,9,8,8,1,Antipsychotics,Dialectical Behavioral Therapy,2/25/2024,13,7,Improved,8,Excited
42,56,Male,Panic Disorder,5,7,6,4,Antipsychotics,Dialectical Behavioral Therapy,4/5/2024,11,9,Improved,10,Happy
43,31,Female,Panic Disorder,6,5,9,10,SSRIs,Dialectical Behavioral Therapy,3/27/2024,13,7,Improved,10,Anxious
44,50,Female,Bipolar Disorder,8,8,7,2,SSRIs,Cognitive Behavioral Therapy,2/17/2024,14,9,Improved,6,Neutral
45,40,Female,Panic Disorder,10,8,7,8,Antipsychotics,Cognitive Behavioral Therapy,3/18/2024,12,5,Deteriorated,10,Excited
46,43,Female,Bipolar Disorder,9,6,5,10,Antidepressants,Dialectical Behavioral Therapy,3/29/2024,9,10,No Change,9,Depressed
47,48,Male,Generalized Anxiety,10,5,5,9,Antidepressants,Cognitive Behavioral Therapy,1/30/2024,16,9,Improved,6,Excited
48,26,Male,Generalized Anxiety,6,3,5,6,Benzodiazepines,Interpersonal Therapy,2/1/2024,16,9,No Change,6,Neutral
49,41,Female,Major Depressive Disorder,7,6,9,10,Antipsychotics,Cognitive Behavioral Therapy,1/28/2024,11,10,No Change,10,Depressed
50,46,Female,Generalized Anxiety,10,5,4,2,SSRIs,Interpersonal Therapy,3/8/2024,13,9,No Change,7,Depressed
51,40,Male,Generalized Anxiety,6,5,7,2,Anxiolytics,Cognitive Behavioral Therapy,1/1/2024,14,7,No Change,10,Stressed
52,31,Female,Panic Disorder,8,6,9,5,Antipsychotics,Dialectical Behavioral Therapy,1/20/2024,9,8,Deteriorated,6,Depressed
53,38,Female,Bipolar Disorder,5,8,6,8,Benzodiazepines,Interpersonal Therapy,3/2/2024,12,7,Deteriorated,6,Neutral
54,18,Male,Panic Disorder,7,4,4,1,Mood Stabilizers,Mindfulness-Based Therapy,3/17/2024,13,10,No Change,7,Anxious
55,28,Female,Panic Disorder,10,7,6,4,Antipsychotics,Mindfulness-Based Therapy,1/28/2024,16,9,Improved,10,Excited
56,29,Female,Bipolar Disorder,10,4,9,3,Antidepressants,Mindfulness-Based Therapy,4/2/2024,16,6,Improved,7,Depressed
57,43,Male,Panic Disorder,8,4,5,8,Antipsychotics,Interpersonal Therapy,1/14/2024,16,6,No Change,8,Anxious
58,31,Male,Major Depressive Disorder,6,5,4,5,Antidepressants,Interpersonal Therapy,2/11/2024,10,7,No Change,7,Stressed
59,35,Female,Panic Disorder,10,3,9,3,Antidepressants,Cognitive Behavioral Therapy,2/21/2024,15,8,Deteriorated,10,Excited
60,47,Male,Bipolar Disorder,10,4,6,4,SSRIs,Interpersonal Therapy,4/1/2024,12,7,Improved,8,Anxious
61,56,Female,Generalized Anxiety,9,8,7,1,Benzodiazepines,Interpersonal Therapy,3/13/2024,10,6,Improved,9,Depressed
62,41,Female,Generalized Anxiety,6,4,7,6,Mood Stabilizers,Mindfulness-Based Therapy,3/25/2024,12,9,Deteriorated,5,Neutral
63,30,Male,Bipolar Disorder,10,6,6,3,Mood Stabilizers,Interpersonal Therapy,2/6/2024,13,6,No Change,8,Depressed
64,37,Male,Major Depressive Disorder,8,5,8,1,Anxiolytics,Dialectical Behavioral Therapy,4/6/2024,9,9,No Change,9,Anxious
65,23,Female,Generalized Anxiety,7,5,7,8,SSRIs,Cognitive Behavioral Therapy,1/20/2024,14,7,No Change,9,Excited
66,30,Male,Bipolar Disorder,5,4,4,9,Antipsychotics,Mindfulness-Based Therapy,4/4/2024,11,6,Deteriorated,8,Happy
67,28,Female,Major Depressive Disorder,10,6,4,1,Benzodiazepines,Mindfulness-Based Therapy,2/24/2024,15,7,Deteriorated,7,Depressed
68,35,Female,Major Depressive Disorder,7,3,5,9,Mood Stabilizers,Cognitive Behavioral Therapy,2/18/2024,14,8,Improved,10,Happy
69,39,Female,Major Depressive Disorder,10,7,4,3,Anxiolytics,Cognitive Behavioral Therapy,1/31/2024,15,10,No Change,10,Excited
70,52,Female,Bipolar Disorder,9,4,6,10,SSRIs,Interpersonal Therapy,1/20/2024,12,8,Improved,8,Anxious
71,51,Female,Generalized Anxiety,9,7,9,8,Benzodiazepines,Interpersonal Therapy,3/23/2024,9,5,Improved,5,Happy
72,57,Male,Major Depressive Disorder,5,4,5,3,Antipsychotics,Mindfulness-Based Therapy,2/25/2024,13,5,No Change,10,Excited
73,60,Female,Major Depressive Disorder,9,6,8,8,Benzodiazepines,Mindfulness-Based Therapy,1/28/2024,13,8,Deteriorated,9,Anxious
74,57,Male,Panic Disorder,5,5,8,9,Mood Stabilizers,Dialectical Behavioral Therapy,3/2/2024,13,7,Improved,5,Anxious
75,24,Male,Major Depressive Disorder,5,8,6,5,Mood Stabilizers,Cognitive Behavioral Therapy,3/15/2024,14,8,Deteriorated,7,Anxious
76,45,Female,Panic Disorder,9,3,6,1,Antidepressants,Mindfulness-Based Therapy,2/12/2024,14,10,Deteriorated,9,Depressed
77,21,Male,Generalized Anxiety,10,5,5,5,Mood Stabilizers,Mindfulness-Based Therapy,1/3/2024,15,8,Improved,5,Happy
78,32,Female,Bipolar Disorder,5,8,6,1,Anxiolytics,Interpersonal Therapy,1/14/2024,11,5,No Change,10,Neutral
79,29,Male,Bipolar Disorder,10,5,7,2,Mood Stabilizers,Cognitive Behavioral Therapy,2/29/2024,14,5,Improved,7,Excited
80,29,Male,Generalized Anxiety,5,3,6,10,SSRIs,Cognitive Behavioral Therapy,2/12/2024,10,5,Improved,7,Excited
81,21,Male,Major Depressive Disorder,8,3,7,1,SSRIs,Interpersonal Therapy,2/29/2024,11,5,Deteriorated,10,Happy
82,23,Male,Major Depressive Disorder,6,6,6,6,Benzodiazepines,Interpersonal Therapy,2/21/2024,15,7,No Change,8,Excited
83,33,Male,Panic Disorder,8,6,7,8,SSRIs,Mindfulness-Based Therapy,1/18/2024,10,5,Improved,8,Depressed
84,31,Female,Generalized Anxiety,7,8,8,6,Antidepressants,Cognitive Behavioral Therapy,3/25/2024,14,9,Deteriorated,9,Excited
85,57,Male,Generalized Anxiety,10,6,7,1,SSRIs,Mindfulness-Based Therapy,1/12/2024,12,6,Deteriorated,6,Anxious
86,19,Male,Panic Disorder,7,3,5,5,Mood Stabilizers,Interpersonal Therapy,3/4/2024,11,5,No Change,6,Depressed
87,22,Male,Generalized Anxiety,6,6,6,6,Antidepressants,Mindfulness-Based Therapy,1/19/2024,15,6,Improved,5,Neutral
88,50,Male,Major Depressive Disorder,5,3,7,1,Antidepressants,Dialectical Behavioral Therapy,3/18/2024,12,9,No Change,9,Neutral
89,56,Female,Panic Disorder,9,7,9,10,SSRIs,Cognitive Behavioral Therapy,3/18/2024,10,7,No Change,10,Excited
90,22,Female,Major Depressive Disorder,9,7,7,4,Benzodiazepines,Dialectical Behavioral Therapy,2/13/2024,16,6,Improved,6,Excited
91,55,Female,Generalized Anxiety,9,6,8,5,SSRIs,Dialectical Behavioral Therapy,2/4/2024,16,9,Improved,7,Stressed
92,43,Female,Bipolar Disorder,9,8,7,10,Anxiolytics,Dialectical Behavioral Therapy,3/20/2024,8,7,Deteriorated,9,Depressed
93,49,Female,Panic Disorder,9,6,8,5,Anxiolytics,Cognitive Behavioral Therapy,1/20/2024,8,9,Improved,7,Neutral
94,22,Female,Bipolar Disorder,8,3,8,5,Antidepressants,Mindfulness-Based Therapy,3/2/2024,14,6,No Change,6,Stressed
95,49,Male,Bipolar Disorder,6,8,8,6,Mood Stabilizers,Cognitive Behavioral Therapy,1/26/2024,16,10,No Change,10,Stressed
96,40,Female,Major Depressive Disorder,5,8,4,2,Mood Stabilizers,Interpersonal Therapy,1/27/2024,9,9,No Change,10,Stressed
97,51,Male,Major Depressive Disorder,6,5,6,8,Anxiolytics,Dialectical Behavioral Therapy,3/9/2024,14,6,Improved,8,Happy
98,46,Male,Major Depressive Disorder,10,8,9,3,Antidepressants,Dialectical Behavioral Therapy,3/29/2024,16,6,No Change,10,Excited
99,43,Female,Panic Disorder,6,5,8,4,Antipsychotics,Dialectical Behavioral Therapy,2/12/2024,11,5,Deteriorated,9,Neutral
100,24,Male,Generalized Anxiety,5,7,5,5,Antipsychotics,Cognitive Behavioral Therapy,3/11/2024,14,9,Improved,7,Excited
101,56,Male,Generalized Anxiety,7,7,6,5,SSRIs,Interpersonal Therapy,3/12/2024,13,8,No Change,9,Excited
102,23,Male,Bipolar Disorder,7,5,8,3,Anxiolytics,Cognitive Behavioral Therapy,3/12/2024,10,8,Deteriorated,5,Anxious
103,31,Male,Bipolar Disorder,6,4,6,5,Antidepressants,Mindfulness-Based Therapy,1/16/2024,12,7,Deteriorated,6,Anxious
104,36,Male,Major Depressive Disorder,9,6,4,3,Mood Stabilizers,Mindfulness-Based Therapy,1/19/2024,10,5,No Change,10,Excited
105,44,Female,Generalized Anxiety,10,7,7,6,Antipsychotics,Dialectical Behavioral Therapy,3/23/2024,12,8,No Change,8,Stressed
106,19,Female,Panic Disorder,8,8,9,9,Mood Stabilizers,Dialectical Behavioral Therapy,2/27/2024,10,7,Improved,9,Happy
107,40,Male,Major Depressive Disorder,7,3,6,1,Anxiolytics,Cognitive Behavioral Therapy,2/28/2024,10,7,Improved,9,Excited
108,30,Male,Generalized Anxiety,9,7,7,8,Mood Stabilizers,Interpersonal Therapy,1/27/2024,13,6,Improved,7,Neutral
109,23,Male,Panic Disorder,7,3,4,6,Anxiolytics,Mindfulness-Based Therapy,1/19/2024,14,10,No Change,8,Depressed
110,30,Female,Bipolar Disorder,5,4,5,4,Antipsychotics,Dialectical Behavioral Therapy,3/30/2024,15,10,No Change,8,Happy
111,41,Male,Generalized Anxiety,5,8,8,2,Anxiolytics,Cognitive Behavioral Therapy,1/3/2024,14,9,No Change,5,Depressed
112,58,Female,Generalized Anxiety,10,8,6,3,Benzodiazepines,Mindfulness-Based Therapy,2/23/2024,11,8,Deteriorated,6,Depressed
113,37,Male,Bipolar Disorder,5,8,7,2,Anxiolytics,Mindfulness-Based Therapy,3/5/2024,9,6,Improved,8,Excited
114,20,Female,Major Depressive Disorder,5,8,4,2,Benzodiazepines,Dialectical Behavioral Therapy,3/17/2024,10,5,Improved,5,Depressed
115,28,Male,Generalized Anxiety,7,7,8,3,Anxiolytics,Mindfulness-Based Therapy,2/3/2024,15,6,Improved,10,Neutral
116,33,Male,Bipolar Disorder,8,5,4,4,Antipsychotics,Mindfulness-Based Therapy,3/30/2024,12,8,Improved,8,Excited
117,43,Male,Bipolar Disorder,5,4,6,3,Mood Stabilizers,Dialectical Behavioral Therapy,3/13/2024,12,5,Improved,9,Depressed
118,31,Male,Bipolar Disorder,5,7,8,3,Antidepressants,Interpersonal Therapy,3/27/2024,8,5,Improved,9,Depressed
119,29,Male,Bipolar Disorder,9,6,6,10,Anxiolytics,Cognitive Behavioral Therapy,3/15/2024,16,9,No Change,6,Anxious
120,45,Female,Bipolar Disorder,8,6,9,3,Mood Stabilizers,Mindfulness-Based Therapy,1/16/2024,13,8,Improved,10,Neutral
121,50,Male,Major Depressive Disorder,5,4,8,3,Anxiolytics,Dialectical Behavioral Therapy,2/22/2024,12,7,Deteriorated,10,Depressed
122,19,Male,Panic Disorder,8,4,6,3,Anxiolytics,Cognitive Behavioral Therapy,1/11/2024,16,7,Improved,8,Stressed
123,35,Female,Generalized Anxiety,10,6,6,5,SSRIs,Dialectical Behavioral Therapy,2/3/2024,12,8,Deteriorated,5,Stressed
124,50,Male,Major Depressive Disorder,8,4,5,5,SSRIs,Interpersonal Therapy,1/14/2024,9,7,No Change,5,Happy
125,53,Male,Generalized Anxiety,7,5,9,7,Benzodiazepines,Mindfulness-Based Therapy,1/27/2024,9,6,Deteriorated,7,Anxious
126,43,Male,Generalized Anxiety,7,3,9,8,Benzodiazepines,Cognitive Behavioral Therapy,2/4/2024,14,10,No Change,8,Anxious
127,47,Female,Bipolar Disorder,10,4,9,6,Antipsychotics,Interpersonal Therapy,1/28/2024,11,5,No Change,5,Neutral
128,53,Male,Major Depressive Disorder,5,3,8,5,Antipsychotics,Cognitive Behavioral Therapy,4/3/2024,9,8,No Change,7,Depressed
129,31,Male,Bipolar Disorder,6,3,4,9,Mood Stabilizers,Cognitive Behavioral Therapy,1/24/2024,16,10,Improved,8,Anxious
130,28,Male,Generalized Anxiety,9,4,5,7,Antipsychotics,Interpersonal Therapy,2/7/2024,13,10,Deteriorated,5,Excited
131,35,Male,Generalized Anxiety,9,5,6,9,Mood Stabilizers,Cognitive Behavioral Therapy,2/7/2024,10,5,Improved,8,Stressed
132,50,Male,Bipolar Disorder,9,5,7,4,Anxiolytics,Mindfulness-Based Therapy,3/25/2024,8,8,No Change,5,Happy
133,47,Female,Panic Disorder,5,6,9,6,Benzodiazepines,Mindfulness-Based Therapy,3/28/2024,13,8,No Change,10,Excited
134,41,Female,Major Depressive Disorder,10,4,9,3,Anxiolytics,Mindfulness-Based Therapy,1/1/2024,15,8,Deteriorated,8,Stressed
135,37,Female,Bipolar Disorder,9,3,6,3,Antidepressants,Mindfulness-Based Therapy,1/6/2024,15,8,No Change,6,Depressed
136,42,Female,Major Depressive Disorder,5,6,7,4,Anxiolytics,Cognitive Behavioral Therapy,3/24/2024,12,9,Improved,10,Happy
137,32,Male,Panic Disorder,7,7,8,7,Antidepressants,Interpersonal Therapy,2/2/2024,12,9,No Change,8,Happy
138,53,Male,Generalized Anxiety,9,8,5,6,SSRIs,Interpersonal Therapy,1/15/2024,9,7,No Change,9,Stressed
139,57,Female,Major Depressive Disorder,10,6,5,6,Antidepressants,Cognitive Behavioral Therapy,3/20/2024,15,9,Deteriorated,5,Neutral
140,57,Male,Generalized Anxiety,8,5,5,7,SSRIs,Interpersonal Therapy,1/4/2024,9,9,Improved,6,Depressed
141,41,Female,Bipolar Disorder,7,5,5,8,Anxiolytics,Dialectical Behavioral Therapy,2/8/2024,12,6,Deteriorated,5,Neutral
142,55,Male,Generalized Anxiety,10,3,9,3,Mood Stabilizers,Dialectical Behavioral Therapy,3/20/2024,8,10,Improved,5,Anxious
143,50,Male,Generalized Anxiety,6,5,5,5,Antipsychotics,Dialectical Behavioral Therapy,3/11/2024,14,9,Improved,5,Stressed
144,21,Male,Bipolar Disorder,9,5,7,3,Benzodiazepines,Mindfulness-Based Therapy,1/17/2024,9,6,No Change,6,Stressed
145,21,Female,Major Depressive Disorder,8,8,7,1,Antipsychotics,Interpersonal Therapy,2/19/2024,12,5,No Change,7,Happy
146,29,Male,Panic Disorder,10,6,4,3,SSRIs,Cognitive Behavioral Therapy,3/28/2024,13,8,Deteriorated,10,Anxious
147,48,Male,Major Depressive Disorder,8,5,9,9,Benzodiazepines,Cognitive Behavioral Therapy,3/17/2024,11,9,Improved,9,Excited
148,45,Female,Generalized Anxiety,6,3,4,3,Mood Stabilizers,Interpersonal Therapy,3/29/2024,13,5,No Change,6,Anxious
149,46,Male,Generalized Anxiety,5,3,7,10,Anxiolytics,Mindfulness-Based Therapy,1/8/2024,12,8,Deteriorated,6,Stressed
150,47,Male,Bipolar Disorder,10,6,5,7,Antidepressants,Dialectical Behavioral Therapy,4/6/2024,10,5,Improved,7,Happy
151,22,Female,Panic Disorder,10,4,8,3,SSRIs,Cognitive Behavioral Therapy,3/6/2024,12,10,Improved,8,Stressed
152,19,Male,Panic Disorder,7,4,5,10,SSRIs,Dialectical Behavioral Therapy,1/11/2024,14,5,Improved,6,Neutral
153,58,Male,Generalized Anxiety,5,5,5,10,Antidepressants,Interpersonal Therapy,2/17/2024,8,8,Improved,8,Anxious
154,21,Female,Panic Disorder,9,8,8,1,Mood Stabilizers,Interpersonal Therapy,3/21/2024,11,9,No Change,10,Anxious
155,26,Female,Major Depressive Disorder,5,4,5,4,Benzodiazepines,Dialectical Behavioral Therapy,1/24/2024,9,6,Deteriorated,8,Excited
156,27,Female,Generalized Anxiety,7,3,7,5,Antidepressants,Mindfulness-Based Therapy,3/24/2024,12,10,No Change,7,Excited
157,44,Male,Panic Disorder,6,8,7,6,Antipsychotics,Dialectical Behavioral Therapy,3/26/2024,14,8,Improved,10,Happy
158,60,Male,Generalized Anxiety,10,6,6,10,Anxiolytics,Dialectical Behavioral Therapy,1/6/2024,9,5,Deteriorated,8,Anxious
159,55,Female,Major Depressive Disorder,5,5,7,3,SSRIs,Cognitive Behavioral Therapy,1/24/2024,12,9,No Change,7,Stressed
160,26,Female,Generalized Anxiety,5,3,7,4,Benzodiazepines,Mindfulness-Based Therapy,2/8/2024,15,8,Improved,10,Excited
161,18,Male,Panic Disorder,7,6,4,4,SSRIs,Interpersonal Therapy,3/25/2024,16,10,No Change,5,Anxious
162,22,Male,Generalized Anxiety,5,3,6,3,Benzodiazepines,Mindfulness-Based Therapy,2/4/2024,16,5,No Change,9,Anxious
163,21,Female,Panic Disorder,8,6,5,6,Antipsychotics,Dialectical Behavioral Therapy,2/8/2024,13,7,Deteriorated,5,Anxious
164,35,Male,Major Depressive Disorder,6,6,4,2,Benzodiazepines,Mindfulness-Based Therapy,1/27/2024,10,10,No Change,7,Anxious
165,37,Male,Bipolar Disorder,8,6,8,3,Anxiolytics,Mindfulness-Based Therapy,1/13/2024,8,7,Improved,10,Anxious
166,52,Female,Generalized Anxiety,5,6,6,1,Benzodiazepines,Mindfulness-Based Therapy,3/25/2024,15,8,Improved,5,Happy
167,19,Male,Major Depressive Disorder,8,8,9,2,Antipsychotics,Dialectical Behavioral Therapy,3/12/2024,12,5,No Change,9,Depressed
168,23,Male,Major Depressive Disorder,10,3,7,7,SSRIs,Interpersonal Therapy,2/13/2024,16,10,No Change,10,Excited
169,28,Male,Panic Disorder,6,3,9,7,Benzodiazepines,Dialectical Behavioral Therapy,2/2/2024,16,10,Improved,10,Stressed
170,56,Female,Generalized Anxiety,8,6,5,4,Benzodiazepines,Dialectical Behavioral Therapy,2/24/2024,11,6,Improved,5,Happy
171,24,Male,Major Depressive Disorder,5,4,4,8,Anxiolytics,Dialectical Behavioral Therapy,1/12/2024,14,10,Deteriorated,7,Depressed
172,47,Female,Bipolar Disorder,7,7,6,6,Antidepressants,Cognitive Behavioral Therapy,3/11/2024,16,9,Deteriorated,6,Neutral
173,19,Male,Panic Disorder,8,6,8,5,Benzodiazepines,Mindfulness-Based Therapy,2/8/2024,15,6,Improved,9,Stressed
174,55,Female,Bipolar Disorder,6,3,5,8,Benzodiazepines,Mindfulness-Based Therapy,3/25/2024,12,5,Improved,7,Neutral
175,51,Male,Major Depressive Disorder,9,8,5,7,SSRIs,Interpersonal Therapy,1/7/2024,13,6,No Change,6,Neutral
176,24,Male,Panic Disorder,8,6,6,4,Benzodiazepines,Interpersonal Therapy,3/12/2024,9,10,Improved,9,Stressed
177,31,Female,Major Depressive Disorder,8,7,5,7,Antipsychotics,Interpersonal Therapy,2/8/2024,11,5,Deteriorated,9,Happy
178,56,Male,Major Depressive Disorder,6,4,4,3,Mood Stabilizers,Dialectical Behavioral Therapy,1/16/2024,12,6,Deteriorated,7,Anxious
179,41,Male,Panic Disorder,6,5,7,3,Benzodiazepines,Cognitive Behavioral Therapy,2/9/2024,15,9,Deteriorated,9,Depressed
180,19,Male,Generalized Anxiety,7,7,7,10,Anxiolytics,Dialectical Behavioral Therapy,1/12/2024,13,7,No Change,6,Excited
181,23,Male,Generalized Anxiety,10,8,8,1,Antidepressants,Mindfulness-Based Therapy,3/22/2024,14,9,Improved,10,Anxious
182,28,Male,Major Depressive Disorder,6,5,6,6,Benzodiazepines,Cognitive Behavioral Therapy,1/1/2024,12,7,Improved,5,Neutral
183,18,Female,Bipolar Disorder,10,7,8,10,Benzodiazepines,Dialectical Behavioral Therapy,3/10/2024,16,8,No Change,7,Depressed
184,59,Female,Major Depressive Disorder,8,4,7,5,Antidepressants,Mindfulness-Based Therapy,2/5/2024,9,9,Deteriorated,8,Neutral
185,40,Female,Panic Disorder,8,7,6,1,Anxiolytics,Interpersonal Therapy,2/16/2024,9,10,No Change,10,Excited
186,54,Female,Generalized Anxiety,10,6,5,9,Mood Stabilizers,Interpersonal Therapy,1/14/2024,12,7,Deteriorated,5,Neutral
187,25,Male,Generalized Anxiety,7,8,9,4,Mood Stabilizers,Cognitive Behavioral Therapy,1/4/2024,9,7,Deteriorated,10,Neutral
188,36,Male,Major Depressive Disorder,8,8,5,8,Antipsychotics,Interpersonal Therapy,3/22/2024,16,7,No Change,5,Happy
189,60,Female,Generalized Anxiety,10,7,5,7,Antipsychotics,Interpersonal Therapy,1/6/2024,8,5,No Change,8,Anxious
190,35,Male,Major Depressive Disorder,7,8,8,10,SSRIs,Cognitive Behavioral Therapy,2/23/2024,13,7,No Change,6,Excited
191,56,Female,Panic Disorder,7,8,4,3,Antidepressants,Interpersonal Therapy,1/16/2024,9,5,Improved,7,Excited
192,58,Female,Bipolar Disorder,6,6,6,1,Benzodiazepines,Interpersonal Therapy,4/2/2024,9,5,No Change,10,Anxious
193,47,Male,Bipolar Disorder,10,3,7,8,Mood Stabilizers,Mindfulness-Based Therapy,1/28/2024,14,9,Improved,8,Depressed
194,53,Female,Panic Disorder,6,6,8,6,Mood Stabilizers,Cognitive Behavioral Therapy,3/1/2024,11,10,Improved,7,Neutral
195,27,Male,Panic Disorder,8,3,6,8,SSRIs,Interpersonal Therapy,1/13/2024,13,8,Deteriorated,9,Anxious
196,27,Female,Bipolar Disorder,5,8,4,4,SSRIs,Dialectical Behavioral Therapy,2/13/2024,10,6,No Change,7,Excited
197,50,Male,Generalized Anxiety,8,7,8,10,Anxiolytics,Dialectical Behavioral Therapy,4/8/2024,14,7,No Change,7,Happy
198,31,Male,Panic Disorder,6,7,8,5,Anxiolytics,Cognitive Behavioral Therapy,1/17/2024,9,6,Deteriorated,8,Depressed
199,24,Female,Major Depressive Disorder,10,6,9,4,Benzodiazepines,Mindfulness-Based Therapy,1/22/2024,14,8,No Change,6,Happy
200,54,Female,Bipolar Disorder,9,7,9,5,Benzodiazepines,Mindfulness-Based Therapy,1/3/2024,15,9,Deteriorated,5,Excited
201,24,Female,Panic Disorder,7,7,9,4,SSRIs,Dialectical Behavioral Therapy,1/16/2024,15,9,No Change,8,Neutral
202,50,Male,Generalized Anxiety,7,3,9,5,Antipsychotics,Dialectical Behavioral Therapy,4/1/2024,11,9,Deteriorated,5,Anxious
203,30,Male,Major Depressive Disorder,7,6,6,6,SSRIs,Mindfulness-Based Therapy,2/23/2024,11,7,No Change,8,Neutral
204,48,Male,Major Depressive Disorder,9,6,4,6,SSRIs,Dialectical Behavioral Therapy,2/18/2024,14,6,No Change,8,Stressed
205,26,Male,Generalized Anxiety,7,4,6,6,Anxiolytics,Dialectical Behavioral Therapy,2/9/2024,11,9,No Change,7,Happy
206,31,Male,Panic Disorder,7,3,4,3,Antidepressants,Dialectical Behavioral Therapy,3/3/2024,13,9,No Change,9,Happy
207,43,Female,Bipolar Disorder,5,5,6,9,Anxiolytics,Mindfulness-Based Therapy,3/23/2024,12,10,Improved,6,Neutral
208,59,Female,Panic Disorder,8,7,4,5,Benzodiazepines,Dialectical Behavioral Therapy,3/29/2024,13,6,No Change,6,Neutral
209,26,Male,Generalized Anxiety,10,8,8,5,Antidepressants,Interpersonal Therapy,1/26/2024,13,6,Improved,8,Anxious
210,50,Male,Generalized Anxiety,6,5,9,3,Mood Stabilizers,Dialectical Behavioral Therapy,4/9/2024,12,7,Improved,9,Anxious
211,46,Female,Bipolar Disorder,6,5,7,8,SSRIs,Cognitive Behavioral Therapy,3/24/2024,14,9,No Change,8,Anxious
212,40,Female,Major Depressive Disorder,7,4,8,8,Antidepressants,Dialectical Behavioral Therapy,2/29/2024,10,10,Deteriorated,10,Anxious
213,46,Male,Bipolar Disorder,7,5,4,1,Benzodiazepines,Mindfulness-Based Therapy,1/17/2024,9,10,Deteriorated,6,Anxious
214,51,Female,Major Depressive Disorder,8,3,4,7,Mood Stabilizers,Dialectical Behavioral Therapy,3/21/2024,11,5,Improved,6,Depressed
215,39,Male,Panic Disorder,5,6,4,4,SSRIs,Interpersonal Therapy,1/8/2024,8,9,Deteriorated,7,Depressed
216,21,Female,Generalized Anxiety,7,4,7,8,Anxiolytics,Cognitive Behavioral Therapy,1/13/2024,8,8,No Change,8,Stressed
217,49,Female,Panic Disorder,7,7,8,3,SSRIs,Cognitive Behavioral Therapy,2/2/2024,14,9,Improved,7,Excited
218,34,Female,Major Depressive Disorder,10,3,5,8,Benzodiazepines,Interpersonal Therapy,2/16/2024,11,7,No Change,7,Happy
219,20,Female,Bipolar Disorder,10,4,6,8,Mood Stabilizers,Cognitive Behavioral Therapy,3/8/2024,14,8,No Change,10,Happy
220,44,Female,Major Depressive Disorder,10,4,6,9,Anxiolytics,Interpersonal Therapy,3/15/2024,11,5,Improved,5,Excited
221,40,Male,Generalized Anxiety,5,3,7,4,Mood Stabilizers,Interpersonal Therapy,1/21/2024,9,8,Improved,9,Anxious
222,49,Female,Major Depressive Disorder,8,6,7,1,Antidepressants,Dialectical Behavioral Therapy,3/12/2024,10,9,No Change,8,Neutral
223,60,Male,Panic Disorder,9,5,8,4,Antipsychotics,Interpersonal Therapy,2/14/2024,13,5,No Change,6,Neutral
224,47,Male,Bipolar Disorder,5,5,6,5,Antipsychotics,Interpersonal Therapy,2/6/2024,15,9,No Change,10,Anxious
225,51,Female,Panic Disorder,8,5,8,10,Mood Stabilizers,Dialectical Behavioral Therapy,2/20/2024,8,10,Improved,8,Stressed
226,21,Male,Generalized Anxiety,8,8,4,2,Mood Stabilizers,Dialectical Behavioral Therapy,2/22/2024,15,7,No Change,5,Neutral
227,33,Male,Major Depressive Disorder,6,6,7,1,Benzodiazepines,Cognitive Behavioral Therapy,3/12/2024,9,6,Improved,10,Excited
228,22,Male,Generalized Anxiety,6,3,9,1,Antipsychotics,Mindfulness-Based Therapy,2/21/2024,16,6,No Change,8,Anxious
229,41,Female,Generalized Anxiety,8,6,5,7,Anxiolytics,Interpersonal Therapy,2/13/2024,11,5,Deteriorated,8,Excited
230,40,Female,Generalized Anxiety,5,5,7,1,Antipsychotics,Dialectical Behavioral Therapy,3/10/2024,16,6,No Change,6,Stressed
231,22,Female,Panic Disorder,5,8,9,1,Mood Stabilizers,Dialectical Behavioral Therapy,1/14/2024,12,6,No Change,5,Excited
232,34,Male,Generalized Anxiety,9,6,4,1,Antipsychotics,Interpersonal Therapy,3/9/2024,14,7,No Change,10,Happy
233,55,Female,Bipolar Disorder,10,6,7,5,SSRIs,Dialectical Behavioral Therapy,4/3/2024,10,7,Deteriorated,9,Neutral
234,18,Female,Bipolar Disorder,8,6,7,7,SSRIs,Dialectical Behavioral Therapy,1/26/2024,11,9,No Change,7,Anxious
235,29,Male,Generalized Anxiety,9,5,9,10,SSRIs,Interpersonal Therapy,3/19/2024,10,10,Improved,5,Neutral
236,27,Male,Generalized Anxiety,6,6,6,2,Anxiolytics,Dialectical Behavioral Therapy,1/1/2024,12,10,Improved,10,Anxious
237,50,Male,Bipolar Disorder,8,8,7,5,Antipsychotics,Mindfulness-Based Therapy,1/12/2024,12,7,Deteriorated,7,Happy
238,18,Male,Bipolar Disorder,9,4,4,7,SSRIs,Interpersonal Therapy,3/14/2024,12,6,Improved,7,Happy
239,54,Female,Major Depressive Disorder,6,4,8,3,Mood Stabilizers,Interpersonal Therapy,1/18/2024,9,10,Deteriorated,9,Anxious
240,60,Male,Generalized Anxiety,8,8,8,1,SSRIs,Dialectical Behavioral Therapy,1/22/2024,14,8,Deteriorated,5,Stressed
241,20,Female,Bipolar Disorder,10,4,6,7,Antipsychotics,Cognitive Behavioral Therapy,3/30/2024,9,5,Deteriorated,6,Neutral
242,38,Female,Generalized Anxiety,9,3,5,8,Mood Stabilizers,Mindfulness-Based Therapy,4/10/2024,16,8,No Change,9,Anxious
243,18,Male,Panic Disorder,9,8,5,1,Anxiolytics,Dialectical Behavioral Therapy,2/1/2024,15,8,No Change,8,Stressed
244,24,Female,Generalized Anxiety,7,5,9,10,Antipsychotics,Interpersonal Therapy,1/5/2024,9,10,Improved,7,Anxious
245,20,Female,Panic Disorder,8,6,4,4,Antipsychotics,Dialectical Behavioral Therapy,2/19/2024,11,10,Deteriorated,5,Depressed
246,26,Female,Generalized Anxiety,10,6,8,10,SSRIs,Dialectical Behavioral Therapy,2/21/2024,8,9,No Change,8,Stressed
247,54,Male,Panic Disorder,9,4,8,3,Antidepressants,Mindfulness-Based Therapy,3/20/2024,12,10,Improved,9,Neutral
248,44,Female,Major Depressive Disorder,6,7,4,3,Antidepressants,Cognitive Behavioral Therapy,3/19/2024,13,8,Deteriorated,5,Stressed
249,47,Male,Panic Disorder,7,6,4,5,Antidepressants,Interpersonal Therapy,3/29/2024,13,6,Deteriorated,8,Stressed
250,32,Male,Major Depressive Disorder,8,5,5,4,Benzodiazepines,Mindfulness-Based Therapy,4/6/2024,9,6,No Change,10,Anxious
251,56,Male,Bipolar Disorder,7,8,9,10,Antipsychotics,Dialectical Behavioral Therapy,2/1/2024,12,10,Improved,10,Depressed
252,30,Female,Bipolar Disorder,6,4,8,2,Antipsychotics,Mindfulness-Based Therapy,2/1/2024,15,6,No Change,5,Anxious
253,31,Male,Panic Disorder,8,7,6,9,SSRIs,Cognitive Behavioral Therapy,3/23/2024,12,5,Improved,5,Anxious
254,38,Male,Bipolar Disorder,5,7,4,6,Anxiolytics,Interpersonal Therapy,2/22/2024,14,9,Improved,6,Stressed
255,55,Female,Panic Disorder,7,5,9,3,SSRIs,Interpersonal Therapy,1/8/2024,12,6,Improved,8,Stressed
256,26,Male,Major Depressive Disorder,8,6,8,6,Antidepressants,Dialectical Behavioral Therapy,4/6/2024,8,10,No Change,8,Excited
257,26,Male,Generalized Anxiety,10,8,8,7,Antidepressants,Dialectical Behavioral Therapy,3/11/2024,14,8,Deteriorated,10,Neutral
258,22,Female,Panic Disorder,8,6,7,10,Benzodiazepines,Cognitive Behavioral Therapy,1/2/2024,10,6,Deteriorated,7,Excited
259,31,Female,Panic Disorder,10,3,7,1,Mood Stabilizers,Dialectical Behavioral Therapy,1/16/2024,14,9,Improved,7,Excited
260,44,Male,Generalized Anxiety,6,6,5,6,Benzodiazepines,Cognitive Behavioral Therapy,3/21/2024,13,10,Improved,5,Excited
261,20,Male,Generalized Anxiety,6,4,6,2,Anxiolytics,Dialectical Behavioral Therapy,1/14/2024,13,6,Deteriorated,10,Neutral
262,51,Female,Major Depressive Disorder,6,4,6,3,Antidepressants,Cognitive Behavioral Therapy,2/21/2024,16,7,Deteriorated,9,Happy
263,37,Female,Major Depressive Disorder,8,8,9,6,Anxiolytics,Cognitive Behavioral Therapy,2/16/2024,12,8,Deteriorated,10,Excited
264,35,Female,Generalized Anxiety,7,5,9,1,Benzodiazepines,Dialectical Behavioral Therapy,1/24/2024,13,5,No Change,5,Neutral
265,26,Female,Bipolar Disorder,7,7,8,3,Benzodiazepines,Mindfulness-Based Therapy,3/18/2024,11,5,Deteriorated,5,Excited
266,31,Female,Major Depressive Disorder,7,6,8,4,SSRIs,Mindfulness-Based Therapy,3/15/2024,12,7,Improved,8,Neutral
267,23,Male,Major Depressive Disorder,10,8,8,7,Anxiolytics,Interpersonal Therapy,3/10/2024,10,7,No Change,8,Anxious
268,52,Female,Panic Disorder,8,6,4,3,Anxiolytics,Cognitive Behavioral Therapy,4/9/2024,13,10,Improved,9,Happy
269,35,Female,Major Depressive Disorder,8,4,6,3,Benzodiazepines,Interpersonal Therapy,2/1/2024,8,6,No Change,10,Stressed
270,36,Male,Panic Disorder,9,3,8,8,Benzodiazepines,Mindfulness-Based Therapy,1/5/2024,11,9,Deteriorated,8,Neutral
271,30,Male,Bipolar Disorder,8,5,4,2,Antipsychotics,Mindfulness-Based Therapy,2/7/2024,12,10,Improved,5,Neutral
272,51,Male,Bipolar Disorder,10,7,6,1,SSRIs,Dialectical Behavioral Therapy,1/6/2024,16,5,Deteriorated,7,Depressed
273,56,Female,Generalized Anxiety,5,6,7,8,Anxiolytics,Cognitive Behavioral Therapy,2/21/2024,16,10,No Change,7,Happy
274,33,Female,Major Depressive Disorder,10,6,8,5,Anxiolytics,Mindfulness-Based Therapy,4/3/2024,8,10,Improved,7,Stressed
275,46,Male,Generalized Anxiety,9,7,9,8,Antipsychotics,Dialectical Behavioral Therapy,1/9/2024,14,8,No Change,10,Depressed
276,45,Male,Bipolar Disorder,6,4,8,10,Antipsychotics,Mindfulness-Based Therapy,3/9/2024,9,10,Deteriorated,9,Anxious
277,24,Male,Panic Disorder,5,3,6,4,Antipsychotics,Cognitive Behavioral Therapy,2/15/2024,11,6,No Change,7,Excited
278,49,Female,Generalized Anxiety,8,3,7,1,Benzodiazepines,Mindfulness-Based Therapy,2/3/2024,10,8,Improved,8,Neutral
279,59,Female,Panic Disorder,6,5,7,5,SSRIs,Dialectical Behavioral Therapy,1/24/2024,8,6,No Change,9,Stressed
280,32,Male,Panic Disorder,6,7,9,2,Anxiolytics,Dialectical Behavioral Therapy,3/28/2024,9,10,No Change,6,Excited
281,48,Male,Panic Disorder,6,5,5,5,Mood Stabilizers,Mindfulness-Based Therapy,2/24/2024,15,6,Deteriorated,7,Happy
282,35,Male,Major Depressive Disorder,8,5,5,8,Anxiolytics,Interpersonal Therapy,3/12/2024,14,9,Deteriorated,5,Anxious
283,52,Male,Major Depressive Disorder,8,3,5,1,SSRIs,Dialectical Behavioral Therapy,2/14/2024,13,9,Deteriorated,9,Stressed
284,44,Female,Bipolar Disorder,7,8,8,8,Mood Stabilizers,Interpersonal Therapy,2/4/2024,9,5,Improved,8,Stressed
285,28,Female,Generalized Anxiety,10,5,9,5,Anxiolytics,Interpersonal Therapy,3/31/2024,14,9,No Change,8,Excited
286,35,Male,Generalized Anxiety,9,5,4,1,Antipsychotics,Mindfulness-Based Therapy,2/11/2024,16,7,Deteriorated,7,Stressed
287,41,Male,Bipolar Disorder,8,6,5,7,Antidepressants,Interpersonal Therapy,3/25/2024,10,5,Improved,8,Excited
288,49,Male,Major Depressive Disorder,6,6,7,9,Benzodiazepines,Interpersonal Therapy,1/4/2024,11,7,No Change,5,Anxious
289,51,Female,Bipolar Disorder,7,7,9,4,Mood Stabilizers,Interpersonal Therapy,3/14/2024,14,6,No Change,5,Neutral
290,26,Male,Bipolar Disorder,5,7,5,4,Mood Stabilizers,Dialectical Behavioral Therapy,1/16/2024,11,10,Improved,8,Neutral
291,54,Male,Panic Disorder,7,6,7,3,Anxiolytics,Cognitive Behavioral Therapy,2/8/2024,14,5,No Change,10,Excited
292,30,Female,Panic Disorder,9,7,5,8,Anxiolytics,Interpersonal Therapy,2/28/2024,11,5,Improved,9,Neutral
293,51,Female,Generalized Anxiety,6,4,9,3,Antidepressants,Mindfulness-Based Therapy,2/2/2024,16,6,Deteriorated,10,Stressed
294,51,Female,Bipolar Disorder,7,8,6,4,Anxiolytics,Mindfulness-Based Therapy,1/7/2024,9,9,Improved,10,Neutral
295,38,Male,Bipolar Disorder,8,4,5,8,Benzodiazepines,Dialectical Behavioral Therapy,1/26/2024,14,7,Deteriorated,9,Happy
296,26,Male,Panic Disorder,6,4,7,7,Antipsychotics,Interpersonal Therapy,3/2/2024,16,7,Improved,8,Anxious
297,58,Female,Generalized Anxiety,7,3,6,4,Benzodiazepines,Interpersonal Therapy,3/4/2024,9,6,Deteriorated,9,Stressed
298,56,Male,Generalized Anxiety,6,3,4,10,Mood Stabilizers,Dialectical Behavioral Therapy,1/16/2024,16,8,No Change,8,Happy
299,60,Female,Generalized Anxiety,7,6,4,8,Antipsychotics,Cognitive Behavioral Therapy,1/9/2024,13,6,Improved,8,Neutral
300,32,Male,Major Depressive Disorder,5,8,4,3,Mood Stabilizers,Interpersonal Therapy,1/24/2024,11,7,No Change,7,Stressed
301,54,Female,Generalized Anxiety,9,4,4,6,Benzodiazepines,Mindfulness-Based Therapy,1/11/2024,10,8,Improved,8,Stressed
302,55,Female,Generalized Anxiety,7,5,7,6,Antidepressants,Mindfulness-Based Therapy,2/16/2024,14,5,Deteriorated,5,Anxious
303,32,Male,Generalized Anxiety,6,5,9,2,Antipsychotics,Interpersonal Therapy,1/24/2024,13,5,Improved,9,Anxious
304,37,Female,Major Depressive Disorder,5,7,6,4,Benzodiazepines,Interpersonal Therapy,1/5/2024,13,5,Improved,9,Stressed
305,21,Female,Major Depressive Disorder,6,4,5,1,SSRIs,Interpersonal Therapy,2/17/2024,14,10,No Change,10,Happy
306,27,Male,Bipolar Disorder,6,4,6,4,Antipsychotics,Cognitive Behavioral Therapy,2/1/2024,13,9,Deteriorated,6,Excited
307,51,Female,Bipolar Disorder,10,3,9,1,Benzodiazepines,Cognitive Behavioral Therapy,1/10/2024,8,8,Deteriorated,6,Happy
308,60,Male,Panic Disorder,6,6,6,10,SSRIs,Dialectical Behavioral Therapy,2/12/2024,14,8,Improved,10,Depressed
309,24,Male,Panic Disorder,8,7,7,6,Benzodiazepines,Dialectical Behavioral Therapy,3/23/2024,10,8,No Change,7,Neutral
310,47,Male,Panic Disorder,6,8,6,9,SSRIs,Cognitive Behavioral Therapy,2/20/2024,11,8,Deteriorated,5,Anxious
311,30,Female,Panic Disorder,9,6,8,3,Antipsychotics,Cognitive Behavioral Therapy,3/21/2024,10,10,Improved,8,Anxious
312,32,Male,Panic Disorder,9,4,9,7,Anxiolytics,Mindfulness-Based Therapy,2/2/2024,11,6,Deteriorated,8,Depressed
313,20,Male,Bipolar Disorder,10,4,6,6,Benzodiazepines,Interpersonal Therapy,3/11/2024,16,7,No Change,5,Depressed
314,28,Male,Panic Disorder,9,5,6,4,SSRIs,Interpersonal Therapy,1/17/2024,15,7,Improved,10,Depressed
315,20,Female,Panic Disorder,5,8,9,10,Anxiolytics,Cognitive Behavioral Therapy,3/16/2024,15,6,No Change,10,Anxious
316,28,Female,Generalized Anxiety,10,4,6,6,Mood Stabilizers,Cognitive Behavioral Therapy,3/7/2024,14,6,No Change,6,Stressed
317,60,Female,Major Depressive Disorder,10,3,9,2,Benzodiazepines,Mindfulness-Based Therapy,3/19/2024,9,6,No Change,6,Neutral
318,37,Male,Major Depressive Disorder,10,5,5,2,Benzodiazepines,Mindfulness-Based Therapy,2/29/2024,9,6,No Change,7,Anxious
319,45,Male,Bipolar Disorder,8,4,9,3,Benzodiazepines,Mindfulness-Based Therapy,1/10/2024,12,10,Deteriorated,5,Anxious
320,49,Male,Generalized Anxiety,7,3,6,1,Mood Stabilizers,Dialectical Behavioral Therapy,2/21/2024,12,10,Improved,10,Happy
321,44,Male,Bipolar Disorder,10,5,8,7,Anxiolytics,Mindfulness-Based Therapy,3/25/2024,16,9,Deteriorated,7,Neutral
322,18,Male,Major Depressive Disorder,5,3,6,5,Mood Stabilizers,Dialectical Behavioral Therapy,3/1/2024,12,10,Improved,9,Excited
323,50,Female,Major Depressive Disorder,6,6,4,4,Benzodiazepines,Interpersonal Therapy,4/6/2024,9,7,No Change,7,Stressed
324,33,Male,Panic Disorder,6,8,8,1,Mood Stabilizers,Cognitive Behavioral Therapy,2/14/2024,9,8,Improved,5,Depressed
325,33,Male,Panic Disorder,9,7,6,9,SSRIs,Mindfulness-Based Therapy,2/2/2024,12,6,Improved,8,Happy
326,36,Male,Bipolar Disorder,9,7,9,5,Antipsychotics,Dialectical Behavioral Therapy,2/26/2024,12,10,No Change,5,Anxious
327,37,Male,Bipolar Disorder,7,6,5,6,Mood Stabilizers,Mindfulness-Based Therapy,3/11/2024,13,5,Improved,8,Excited
328,42,Female,Major Depressive Disorder,8,3,5,3,Anxiolytics,Dialectical Behavioral Therapy,1/11/2024,16,9,No Change,10,Stressed
329,43,Male,Panic Disorder,5,3,5,4,Mood Stabilizers,Mindfulness-Based Therapy,4/8/2024,9,8,No Change,8,Anxious
330,34,Male,Generalized Anxiety,8,3,6,1,Antidepressants,Interpersonal Therapy,1/6/2024,11,9,Improved,6,Stressed
331,50,Male,Major Depressive Disorder,7,8,9,4,SSRIs,Mindfulness-Based Therapy,1/6/2024,8,5,No Change,5,Neutral
332,46,Male,Major Depressive Disorder,7,7,5,8,Antipsychotics,Cognitive Behavioral Therapy,3/1/2024,9,10,Deteriorated,8,Happy
333,32,Female,Bipolar Disorder,7,7,6,6,Mood Stabilizers,Mindfulness-Based Therapy,3/28/2024,15,9,No Change,9,Anxious
334,55,Male,Bipolar Disorder,5,3,9,2,Antipsychotics,Cognitive Behavioral Therapy,3/1/2024,14,6,No Change,10,Excited
335,43,Female,Panic Disorder,8,8,6,6,Antipsychotics,Interpersonal Therapy,1/18/2024,9,9,Deteriorated,5,Excited
336,34,Male,Bipolar Disorder,8,5,9,7,Antidepressants,Cognitive Behavioral Therapy,2/15/2024,16,5,Deteriorated,10,Neutral
337,60,Male,Generalized Anxiety,10,8,9,2,Mood Stabilizers,Interpersonal Therapy,1/21/2024,15,5,No Change,8,Happy
338,51,Female,Bipolar Disorder,8,8,5,8,SSRIs,Cognitive Behavioral Therapy,3/20/2024,11,6,Deteriorated,9,Excited
339,48,Male,Panic Disorder,7,7,8,3,Antidepressants,Mindfulness-Based Therapy,1/7/2024,15,10,Deteriorated,5,Excited
340,42,Female,Generalized Anxiety,7,5,4,8,Antidepressants,Mindfulness-Based Therapy,1/10/2024,8,9,No Change,5,Neutral
341,21,Male,Generalized Anxiety,9,3,4,6,Antipsychotics,Dialectical Behavioral Therapy,2/25/2024,11,7,Improved,8,Happy
342,25,Female,Panic Disorder,6,4,4,2,Antipsychotics,Interpersonal Therapy,2/8/2024,8,9,Deteriorated,6,Neutral
343,24,Female,Bipolar Disorder,7,8,9,9,Mood Stabilizers,Interpersonal Therapy,2/25/2024,8,10,Deteriorated,9,Excited
344,35,Male,Generalized Anxiety,9,3,5,9,Anxiolytics,Mindfulness-Based Therapy,4/10/2024,15,8,Improved,10,Neutral
345,20,Female,Major Depressive Disorder,5,8,4,7,Benzodiazepines,Mindfulness-Based Therapy,1/15/2024,15,6,No Change,8,Excited
346,56,Male,Generalized Anxiety,6,7,8,7,Antidepressants,Interpersonal Therapy,1/19/2024,9,10,Deteriorated,7,Neutral
347,32,Female,Panic Disorder,6,5,8,2,Mood Stabilizers,Cognitive Behavioral Therapy,1/13/2024,12,5,Improved,5,Stressed
348,35,Female,Bipolar Disorder,6,8,4,1,Benzodiazepines,Dialectical Behavioral Therapy,3/30/2024,14,9,Improved,6,Neutral
349,34,Female,Major Depressive Disorder,9,7,4,5,SSRIs,Cognitive Behavioral Therapy,1/12/2024,9,8,No Change,5,Stressed
350,47,Male,Major Depressive Disorder,10,8,8,1,Antipsychotics,Mindfulness-Based Therapy,2/16/2024,9,5,Deteriorated,6,Anxious
351,33,Male,Panic Disorder,5,5,5,6,SSRIs,Cognitive Behavioral Therapy,3/21/2024,10,6,Deteriorated,10,Anxious
352,39,Male,Bipolar Disorder,9,7,8,3,Benzodiazepines,Cognitive Behavioral Therapy,3/20/2024,12,9,No Change,9,Happy
353,57,Female,Panic Disorder,10,8,4,9,Antidepressants,Cognitive Behavioral Therapy,1/14/2024,12,7,Deteriorated,9,Depressed
354,34,Male,Generalized Anxiety,9,8,5,8,Antipsychotics,Cognitive Behavioral Therapy,3/23/2024,11,5,Improved,6,Excited
355,27,Male,Panic Disorder,8,5,6,6,Benzodiazepines,Interpersonal Therapy,3/9/2024,11,8,Deteriorated,8,Excited
356,40,Male,Major Depressive Disorder,5,5,5,5,Benzodiazepines,Cognitive Behavioral Therapy,3/23/2024,9,10,No Change,6,Anxious
357,60,Male,Panic Disorder,5,5,5,4,Mood Stabilizers,Cognitive Behavioral Therapy,3/15/2024,9,8,Deteriorated,7,Neutral
358,55,Male,Major Depressive Disorder,10,5,6,10,Antipsychotics,Cognitive Behavioral Therapy,2/3/2024,10,5,Deteriorated,7,Anxious
359,49,Female,Bipolar Disorder,5,3,8,6,Antidepressants,Mindfulness-Based Therapy,2/22/2024,12,6,Deteriorated,7,Happy
360,46,Female,Generalized Anxiety,6,8,9,10,Mood Stabilizers,Dialectical Behavioral Therapy,1/21/2024,9,7,Deteriorated,9,Depressed
361,22,Female,Major Depressive Disorder,10,3,9,4,Anxiolytics,Dialectical Behavioral Therapy,3/24/2024,15,7,Deteriorated,5,Happy
362,56,Male,Panic Disorder,5,7,7,7,SSRIs,Mindfulness-Based Therapy,1/21/2024,10,10,Deteriorated,6,Stressed
363,33,Female,Major Depressive Disorder,5,7,5,1,Antipsychotics,Mindfulness-Based Therapy,1/13/2024,8,7,Improved,5,Anxious
364,53,Male,Major Depressive Disorder,8,6,6,9,Mood Stabilizers,Interpersonal Therapy,1/16/2024,12,10,Improved,9,Anxious
365,50,Female,Major Depressive Disorder,6,7,8,4,Benzodiazepines,Dialectical Behavioral Therapy,1/23/2024,16,10,Improved,7,Excited
366,40,Male,Major Depressive Disorder,6,5,8,8,Antidepressants,Cognitive Behavioral Therapy,3/24/2024,12,10,Deteriorated,6,Anxious
367,31,Female,Generalized Anxiety,7,3,9,1,Benzodiazepines,Interpersonal Therapy,1/7/2024,11,9,Improved,7,Happy
368,29,Female,Generalized Anxiety,8,7,8,8,Benzodiazepines,Mindfulness-Based Therapy,2/13/2024,9,7,Improved,10,Neutral
369,24,Female,Major Depressive Disorder,10,4,7,2,Anxiolytics,Mindfulness-Based Therapy,3/23/2024,16,7,Deteriorated,5,Stressed
370,31,Male,Panic Disorder,5,4,5,7,Benzodiazepines,Cognitive Behavioral Therapy,1/7/2024,9,5,No Change,5,Anxious
371,60,Female,Bipolar Disorder,8,8,6,3,Benzodiazepines,Cognitive Behavioral Therapy,2/5/2024,15,9,Improved,9,Stressed
372,57,Male,Bipolar Disorder,6,6,4,6,Mood Stabilizers,Dialectical Behavioral Therapy,3/16/2024,11,6,Improved,9,Excited
373,45,Female,Generalized Anxiety,5,4,7,5,SSRIs,Cognitive Behavioral Therapy,2/13/2024,15,10,No Change,9,Neutral
374,19,Female,Major Depressive Disorder,7,3,5,7,SSRIs,Interpersonal Therapy,3/22/2024,14,7,Deteriorated,6,Happy
375,34,Male,Generalized Anxiety,8,4,7,6,Mood Stabilizers,Interpersonal Therapy,3/9/2024,14,6,Deteriorated,5,Anxious
376,51,Female,Generalized Anxiety,10,7,7,9,SSRIs,Cognitive Behavioral Therapy,2/13/2024,15,6,No Change,8,Excited
377,57,Female,Generalized Anxiety,9,6,6,2,SSRIs,Dialectical Behavioral Therapy,3/3/2024,11,9,No Change,6,Anxious
378,27,Female,Panic Disorder,9,8,6,1,Mood Stabilizers,Cognitive Behavioral Therapy,2/28/2024,16,10,Deteriorated,7,Neutral
379,33,Male,Panic Disorder,5,4,6,7,SSRIs,Dialectical Behavioral Therapy,3/23/2024,12,10,Improved,6,Stressed
380,21,Female,Major Depressive Disorder,5,5,7,3,SSRIs,Interpersonal Therapy,2/15/2024,10,9,No Change,9,Stressed
381,27,Female,Panic Disorder,7,6,8,5,SSRIs,Mindfulness-Based Therapy,3/25/2024,8,6,Deteriorated,5,Stressed
382,32,Male,Generalized Anxiety,9,8,4,6,Antipsychotics,Cognitive Behavioral Therapy,1/26/2024,15,7,Improved,10,Happy
383,54,Female,Generalized Anxiety,10,8,4,1,Benzodiazepines,Cognitive Behavioral Therapy,1/20/2024,16,6,No Change,8,Depressed
384,39,Female,Generalized Anxiety,8,7,8,5,SSRIs,Dialectical Behavioral Therapy,2/1/2024,9,10,Deteriorated,5,Depressed
385,44,Female,Generalized Anxiety,6,8,8,1,Benzodiazepines,Mindfulness-Based Therapy,1/26/2024,12,5,Deteriorated,7,Happy
386,37,Male,Major Depressive Disorder,9,6,7,3,Antipsychotics,Cognitive Behavioral Therapy,2/6/2024,12,10,Improved,6,Depressed
387,19,Female,Generalized Anxiety,7,7,8,6,Antipsychotics,Mindfulness-Based Therapy,2/3/2024,13,9,Improved,10,Stressed
388,45,Male,Panic Disorder,7,6,6,6,SSRIs,Dialectical Behavioral Therapy,2/26/2024,15,6,No Change,8,Anxious
389,36,Female,Bipolar Disorder,9,7,6,7,Antidepressants,Dialectical Behavioral Therapy,1/13/2024,14,5,Improved,7,Anxious
390,19,Male,Major Depressive Disorder,10,3,4,9,Antidepressants,Mindfulness-Based Therapy,2/10/2024,10,9,Deteriorated,6,Excited
391,25,Male,Generalized Anxiety,9,6,4,9,Mood Stabilizers,Interpersonal Therapy,3/4/2024,13,5,No Change,9,Anxious
392,34,Female,Bipolar Disorder,9,3,9,10,Benzodiazepines,Cognitive Behavioral Therapy,1/20/2024,13,10,Deteriorated,5,Depressed
393,19,Female,Major Depressive Disorder,6,6,8,4,Mood Stabilizers,Cognitive Behavioral Therapy,2/27/2024,15,7,Deteriorated,7,Happy
394,46,Female,Panic Disorder,6,3,9,1,Antidepressants,Cognitive Behavioral Therapy,2/4/2024,15,10,No Change,7,Depressed
395,38,Male,Panic Disorder,9,4,4,4,Antipsychotics,Interpersonal Therapy,4/6/2024,14,9,Deteriorated,6,Depressed
396,19,Male,Panic Disorder,5,5,7,9,Anxiolytics,Mindfulness-Based Therapy,2/20/2024,13,10,Deteriorated,6,Depressed
397,56,Female,Bipolar Disorder,8,3,7,3,Antipsychotics,Dialectical Behavioral Therapy,4/3/2024,15,9,Improved,5,Depressed
398,23,Male,Major Depressive Disorder,9,3,5,5,Antipsychotics,Interpersonal Therapy,3/25/2024,10,10,Improved,10,Stressed
399,32,Female,Major Depressive Disorder,7,4,7,3,Benzodiazepines,Dialectical Behavioral Therapy,1/22/2024,15,6,Deteriorated,8,Depressed
400,33,Male,Generalized Anxiety,8,4,4,5,Antidepressants,Mindfulness-Based Therapy,1/7/2024,8,7,Improved,10,Happy
401,49,Male,Generalized Anxiety,6,3,9,2,Antidepressants,Dialectical Behavioral Therapy,1/16/2024,15,8,No Change,8,Anxious
402,59,Male,Panic Disorder,8,7,5,10,Antipsychotics,Interpersonal Therapy,3/26/2024,12,7,Deteriorated,10,Stressed
403,18,Female,Bipolar Disorder,5,8,4,10,Antipsychotics,Mindfulness-Based Therapy,4/1/2024,13,5,No Change,5,Neutral
404,43,Male,Generalized Anxiety,5,4,9,1,SSRIs,Mindfulness-Based Therapy,3/31/2024,9,5,Improved,6,Anxious
405,44,Female,Major Depressive Disorder,8,8,6,2,Mood Stabilizers,Mindfulness-Based Therapy,3/25/2024,13,8,Improved,10,Neutral
406,52,Female,Panic Disorder,9,5,6,6,SSRIs,Dialectical Behavioral Therapy,1/13/2024,16,5,Improved,6,Neutral
407,25,Female,Bipolar Disorder,5,4,9,4,Anxiolytics,Interpersonal Therapy,2/29/2024,14,5,Deteriorated,5,Depressed
408,50,Male,Generalized Anxiety,9,6,4,6,Mood Stabilizers,Mindfulness-Based Therapy,3/28/2024,10,5,Improved,7,Anxious
409,58,Female,Major Depressive Disorder,9,5,4,2,Antipsychotics,Dialectical Behavioral Therapy,4/4/2024,13,10,Deteriorated,8,Anxious
410,44,Male,Panic Disorder,7,8,6,9,Mood Stabilizers,Interpersonal Therapy,1/5/2024,10,6,Improved,9,Neutral
411,51,Female,Major Depressive Disorder,9,5,8,1,Antidepressants,Cognitive Behavioral Therapy,3/27/2024,10,10,Deteriorated,6,Depressed
412,31,Female,Generalized Anxiety,5,7,5,9,Antipsychotics,Dialectical Behavioral Therapy,2/23/2024,10,9,No Change,6,Stressed
413,32,Female,Generalized Anxiety,10,7,9,10,Antipsychotics,Mindfulness-Based Therapy,1/30/2024,10,9,Improved,9,Happy
414,20,Male,Bipolar Disorder,8,8,9,10,Anxiolytics,Mindfulness-Based Therapy,3/18/2024,15,8,Improved,10,Excited
415,33,Female,Bipolar Disorder,9,7,7,3,SSRIs,Dialectical Behavioral Therapy,1/22/2024,11,7,Improved,8,Depressed
416,59,Male,Bipolar Disorder,8,7,5,5,Mood Stabilizers,Cognitive Behavioral Therapy,2/17/2024,13,9,Improved,8,Happy
417,35,Female,Bipolar Disorder,10,5,4,6,SSRIs,Interpersonal Therapy,1/21/2024,8,8,Improved,8,Excited
418,31,Male,Bipolar Disorder,6,5,9,10,Antidepressants,Interpersonal Therapy,1/26/2024,12,9,No Change,5,Stressed
419,45,Female,Generalized Anxiety,7,7,6,2,Antidepressants,Mindfulness-Based Therapy,1/15/2024,12,8,Deteriorated,10,Stressed
420,55,Female,Generalized Anxiety,8,3,6,10,Mood Stabilizers,Mindfulness-Based Therapy,2/16/2024,14,7,Deteriorated,6,Anxious
421,28,Male,Bipolar Disorder,6,3,9,9,Antipsychotics,Dialectical Behavioral Therapy,2/15/2024,12,7,Improved,6,Happy
422,20,Female,Major Depressive Disorder,10,8,4,4,Antipsychotics,Interpersonal Therapy,3/9/2024,8,7,No Change,8,Anxious
423,50,Male,Major Depressive Disorder,5,4,5,3,Benzodiazepines,Dialectical Behavioral Therapy,2/16/2024,13,8,Deteriorated,9,Happy
424,41,Female,Generalized Anxiety,8,7,8,7,Mood Stabilizers,Mindfulness-Based Therapy,2/24/2024,12,6,Deteriorated,6,Neutral
425,46,Male,Bipolar Disorder,7,4,8,9,Mood Stabilizers,Dialectical Behavioral Therapy,2/28/2024,11,9,Deteriorated,6,Happy
426,26,Male,Generalized Anxiety,7,3,5,7,SSRIs,Cognitive Behavioral Therapy,1/10/2024,11,9,Improved,10,Happy
427,39,Male,Panic Disorder,9,8,4,10,Benzodiazepines,Mindfulness-Based Therapy,1/22/2024,8,8,Deteriorated,5,Happy
428,52,Female,Panic Disorder,5,8,7,5,SSRIs,Dialectical Behavioral Therapy,1/21/2024,10,8,Improved,7,Anxious
429,35,Female,Bipolar Disorder,5,5,4,8,Antidepressants,Mindfulness-Based Therapy,4/3/2024,12,9,Deteriorated,5,Happy
430,57,Female,Panic Disorder,5,6,6,2,Benzodiazepines,Dialectical Behavioral Therapy,3/28/2024,11,5,No Change,10,Happy
431,20,Female,Major Depressive Disorder,7,3,6,5,Antidepressants,Cognitive Behavioral Therapy,1/10/2024,12,8,Improved,8,Stressed
432,51,Female,Bipolar Disorder,7,3,5,4,Benzodiazepines,Dialectical Behavioral Therapy,4/9/2024,11,7,Improved,5,Neutral
433,57,Male,Panic Disorder,10,6,4,1,Antipsychotics,Dialectical Behavioral Therapy,2/9/2024,9,5,Deteriorated,6,Depressed
434,52,Female,Bipolar Disorder,8,8,5,3,Antidepressants,Interpersonal Therapy,1/28/2024,9,7,No Change,5,Excited
435,37,Female,Bipolar Disorder,8,3,6,3,SSRIs,Interpersonal Therapy,1/26/2024,8,5,Deteriorated,6,Happy
436,35,Female,Panic Disorder,7,8,7,8,Benzodiazepines,Mindfulness-Based Therapy,3/31/2024,10,7,Deteriorated,10,Depressed
437,24,Female,Panic Disorder,9,5,4,8,SSRIs,Dialectical Behavioral Therapy,1/23/2024,11,9,No Change,9,Happy
438,49,Male,Bipolar Disorder,10,8,6,1,Antidepressants,Interpersonal Therapy,2/5/2024,16,8,Improved,5,Neutral
439,48,Female,Major Depressive Disorder,10,6,9,6,Benzodiazepines,Dialectical Behavioral Therapy,3/31/2024,9,5,No Change,10,Anxious
440,36,Female,Panic Disorder,5,5,4,8,Antidepressants,Cognitive Behavioral Therapy,2/7/2024,14,8,Improved,5,Excited
441,40,Male,Panic Disorder,9,6,8,2,Mood Stabilizers,Mindfulness-Based Therapy,1/16/2024,10,6,No Change,7,Excited
442,37,Male,Major Depressive Disorder,10,7,9,1,Benzodiazepines,Interpersonal Therapy,2/2/2024,16,5,Improved,7,Excited
443,53,Female,Generalized Anxiety,7,3,4,10,SSRIs,Mindfulness-Based Therapy,1/23/2024,12,8,No Change,5,Anxious
444,27,Male,Panic Disorder,9,3,4,5,SSRIs,Mindfulness-Based Therapy,3/7/2024,12,10,Deteriorated,10,Neutral
445,59,Male,Major Depressive Disorder,6,7,9,9,Benzodiazepines,Cognitive Behavioral Therapy,3/28/2024,14,6,Deteriorated,6,Neutral
446,35,Female,Bipolar Disorder,6,8,8,1,Antipsychotics,Interpersonal Therapy,2/21/2024,16,10,Deteriorated,7,Stressed
447,39,Female,Panic Disorder,5,3,9,10,Mood Stabilizers,Cognitive Behavioral Therapy,3/29/2024,16,9,Improved,8,Depressed
448,33,Male,Bipolar Disorder,8,5,7,1,Antidepressants,Dialectical Behavioral Therapy,2/25/2024,11,5,No Change,9,Neutral
449,52,Female,Generalized Anxiety,10,7,8,8,Benzodiazepines,Cognitive Behavioral Therapy,3/13/2024,9,5,Deteriorated,8,Stressed
450,25,Male,Bipolar Disorder,9,3,7,7,Antidepressants,Interpersonal Therapy,4/1/2024,15,7,Deteriorated,8,Stressed
451,20,Female,Generalized Anxiety,9,7,7,5,Mood Stabilizers,Dialectical Behavioral Therapy,3/5/2024,10,10,Improved,6,Happy
452,52,Male,Major Depressive Disorder,7,8,5,9,Mood Stabilizers,Mindfulness-Based Therapy,1/31/2024,14,8,Deteriorated,9,Anxious
453,58,Male,Bipolar Disorder,10,5,5,2,Antipsychotics,Interpersonal Therapy,3/7/2024,11,7,No Change,10,Stressed
454,44,Male,Major Depressive Disorder,5,8,5,10,Anxiolytics,Dialectical Behavioral Therapy,1/24/2024,14,10,Deteriorated,10,Depressed
455,18,Male,Generalized Anxiety,9,4,7,4,SSRIs,Mindfulness-Based Therapy,2/20/2024,12,8,Improved,5,Neutral
456,21,Female,Generalized Anxiety,9,4,4,4,SSRIs,Dialectical Behavioral Therapy,1/26/2024,11,10,Deteriorated,5,Excited
457,18,Male,Panic Disorder,9,3,7,5,Antipsychotics,Cognitive Behavioral Therapy,1/14/2024,13,5,Deteriorated,8,Anxious
458,30,Male,Major Depressive Disorder,6,5,8,2,Antidepressants,Mindfulness-Based Therapy,1/19/2024,16,10,Improved,5,Stressed
459,28,Male,Generalized Anxiety,5,8,9,6,SSRIs,Mindfulness-Based Therapy,4/7/2024,8,7,Deteriorated,6,Depressed
460,18,Female,Panic Disorder,8,6,7,2,Benzodiazepines,Dialectical Behavioral Therapy,2/17/2024,16,7,Improved,5,Excited
461,40,Male,Major Depressive Disorder,8,7,6,3,Antipsychotics,Interpersonal Therapy,1/22/2024,15,9,Deteriorated,5,Anxious
462,25,Female,Bipolar Disorder,8,8,8,4,Antipsychotics,Mindfulness-Based Therapy,4/6/2024,13,7,No Change,8,Excited
463,31,Female,Bipolar Disorder,6,4,6,2,Antidepressants,Cognitive Behavioral Therapy,4/2/2024,10,7,Improved,7,Excited
464,37,Male,Panic Disorder,5,5,4,8,Anxiolytics,Interpersonal Therapy,3/15/2024,12,8,Deteriorated,8,Anxious
465,24,Female,Major Depressive Disorder,10,4,9,2,Mood Stabilizers,Dialectical Behavioral Therapy,1/18/2024,13,10,No Change,6,Happy
466,56,Male,Generalized Anxiety,6,6,7,6,Antipsychotics,Interpersonal Therapy,3/6/2024,9,5,No Change,8,Anxious
467,45,Female,Bipolar Disorder,5,4,9,6,Benzodiazepines,Dialectical Behavioral Therapy,3/26/2024,15,8,Deteriorated,5,Anxious
468,57,Female,Generalized Anxiety,8,4,6,8,Benzodiazepines,Interpersonal Therapy,3/23/2024,8,8,Deteriorated,10,Neutral
469,50,Male,Bipolar Disorder,8,4,6,3,Antidepressants,Mindfulness-Based Therapy,3/4/2024,8,9,Deteriorated,9,Excited
470,55,Male,Panic Disorder,6,4,7,6,Mood Stabilizers,Dialectical Behavioral Therapy,3/20/2024,14,8,Deteriorated,7,Excited
471,60,Male,Major Depressive Disorder,8,4,4,8,Anxiolytics,Cognitive Behavioral Therapy,1/11/2024,14,5,Improved,6,Neutral
472,38,Male,Bipolar Disorder,9,5,7,3,Anxiolytics,Interpersonal Therapy,3/8/2024,15,6,Deteriorated,8,Neutral
473,59,Male,Bipolar Disorder,8,8,6,4,Antipsychotics,Mindfulness-Based Therapy,3/20/2024,9,6,Deteriorated,7,Happy
474,49,Female,Major Depressive Disorder,5,3,7,4,Antidepressants,Dialectical Behavioral Therapy,3/14/2024,12,9,Deteriorated,5,Excited
475,20,Male,Generalized Anxiety,7,7,9,9,SSRIs,Cognitive Behavioral Therapy,1/20/2024,15,8,No Change,6,Stressed
476,39,Female,Generalized Anxiety,5,3,8,2,Mood Stabilizers,Interpersonal Therapy,3/19/2024,16,5,No Change,10,Stressed
477,40,Male,Panic Disorder,5,5,4,7,Benzodiazepines,Cognitive Behavioral Therapy,2/12/2024,8,8,Improved,6,Happy
478,60,Female,Bipolar Disorder,8,3,7,9,Mood Stabilizers,Dialectical Behavioral Therapy,2/14/2024,10,9,Deteriorated,7,Anxious
479,29,Male,Bipolar Disorder,10,5,5,6,Antipsychotics,Mindfulness-Based Therapy,2/25/2024,14,10,Improved,5,Stressed
480,55,Male,Major Depressive Disorder,6,4,6,2,Anxiolytics,Mindfulness-Based Therapy,3/25/2024,13,6,Deteriorated,8,Neutral
481,58,Female,Generalized Anxiety,8,5,7,7,Mood Stabilizers,Interpersonal Therapy,3/6/2024,15,10,Improved,5,Stressed
482,36,Female,Generalized Anxiety,5,3,5,10,Antipsychotics,Cognitive Behavioral Therapy,2/22/2024,14,6,Improved,5,Stressed
483,60,Male,Major Depressive Disorder,5,8,7,4,Benzodiazepines,Cognitive Behavioral Therapy,4/4/2024,13,6,Deteriorated,9,Happy
484,60,Male,Major Depressive Disorder,6,5,4,1,SSRIs,Cognitive Behavioral Therapy,1/29/2024,11,10,No Change,6,Anxious
485,32,Male,Bipolar Disorder,8,8,6,3,SSRIs,Cognitive Behavioral Therapy,3/9/2024,13,10,Improved,7,Neutral
486,58,Male,Generalized Anxiety,5,3,7,6,Antidepressants,Dialectical Behavioral Therapy,2/26/2024,16,5,Improved,8,Depressed
487,24,Female,Generalized Anxiety,5,8,9,7,Antidepressants,Dialectical Behavioral Therapy,3/26/2024,13,10,No Change,9,Excited
488,56,Male,Major Depressive Disorder,5,8,9,10,Antipsychotics,Interpersonal Therapy,1/28/2024,11,5,Improved,10,Happy
489,27,Female,Bipolar Disorder,8,4,6,6,Mood Stabilizers,Cognitive Behavioral Therapy,3/12/2024,13,8,Deteriorated,6,Excited
490,60,Male,Bipolar Disorder,8,3,7,6,Benzodiazepines,Dialectical Behavioral Therapy,2/8/2024,10,9,Improved,8,Anxious
491,33,Female,Bipolar Disorder,10,3,7,1,Mood Stabilizers,Interpersonal Therapy,3/2/2024,16,10,Deteriorated,8,Happy
492,42,Male,Panic Disorder,10,3,7,10,Mood Stabilizers,Cognitive Behavioral Therapy,2/14/2024,13,8,Improved,6,Anxious
493,18,Male,Bipolar Disorder,10,5,8,7,Antipsychotics,Mindfulness-Based Therapy,1/28/2024,11,8,Improved,9,Neutral
494,23,Male,Panic Disorder,9,4,8,2,Anxiolytics,Interpersonal Therapy,1/4/2024,9,8,Improved,6,Happy
495,19,Male,Major Depressive Disorder,8,5,5,2,SSRIs,Dialectical Behavioral Therapy,2/5/2024,14,7,Improved,10,Stressed
496,24,Male,Generalized Anxiety,10,4,8,6,Mood Stabilizers,Dialectical Behavioral Therapy,4/9/2024,8,9,Improved,10,Depressed
497,22,Male,Panic Disorder,5,6,6,7,Benzodiazepines,Mindfulness-Based Therapy,2/5/2024,13,6,Deteriorated,8,Happy
498,23,Male,Major Depressive Disorder,7,3,4,2,Antidepressants,Cognitive Behavioral Therapy,3/24/2024,10,5,Deteriorated,5,Neutral
499,48,Male,Bipolar Disorder,9,4,6,9,Antidepressants,Mindfulness-Based Therapy,3/22/2024,10,6,Improved,7,Anxious
500,58,Male,Bipolar Disorder,5,7,6,2,SSRIs,Cognitive Behavioral Therapy,3/24/2024,10,6,Deteriorated,5,Happy
